,0
nAcid,484.1886116991581
nBase,484.1886116991581
SpAbs_A,484.1886116991581
SpMax_A,484.1886116991581
SpDiam_A,484.1886116991581
SpAD_A,484.1886116991581
SpMAD_A,484.1886116991581
LogEE_A,484.1886116991581
VE1_A,484.1886116991581
VE2_A,484.1886116991581
VE3_A,484.1886116991581
VR1_A,0.0
VR2_A,484.1886116991581
VR3_A,484.1886116991581
nAromAtom,484.1886116991581
nAromBond,484.1886116991581
nAtom,484.1886116991581
nHeavyAtom,484.1886116991581
nSpiro,484.1886116991581
nBridgehead,484.1886116991581
nHetero,484.1886116991581
nH,484.1886116991581
nB,136.19980342729988
nC,484.1886116991581
nN,484.1886116991581
nO,484.1886116991581
nS,484.1886116991581
nP,484.1886116991581
nF,484.1886116991581
nCl,484.1886116991581
nBr,484.1886116991581
nI,484.1886116991581
nX,484.1886116991581
ATS0dv,484.1886116991581
ATS1dv,484.1886116991581
ATS2dv,0.0
ATS3dv,0.0
ATS4dv,0.0
ATS5dv,0.0
ATS6dv,484.1886116991581
ATS7dv,484.1886116991581
ATS8dv,484.1886116991581
ATS0d,484.1886116991581
ATS1d,484.1886116991581
ATS2d,484.1886116991581
ATS3d,484.1886116991581
ATS4d,484.1886116991581
ATS5d,484.1886116991581
ATS6d,484.1886116991581
ATS7d,484.1886116991581
ATS8d,484.1886116991581
ATS0s,484.1886116991581
ATS1s,484.1886116991581
ATS2s,484.1886116991581
ATS3s,484.1886116991581
ATS4s,0.0
ATS5s,0.0
ATS6s,484.1886116991581
ATS7s,484.1886116991581
ATS8s,484.1886116991581
ATS0Z,0.0
ATS1Z,0.0
ATS2Z,0.0
ATS3Z,0.0
ATS4Z,0.0
ATS5Z,0.0
ATS6Z,0.0
ATS7Z,0.0
ATS8Z,0.0
ATS0m,0.0
ATS1m,0.0
ATS2m,0.0
ATS3m,0.0
ATS4m,0.0
ATS5m,0.0
ATS6m,0.0
ATS7m,0.0
ATS8m,0.0
ATS0v,0.0
ATS1v,0.0
ATS2v,0.0
ATS3v,0.0
ATS4v,0.0
ATS5v,0.0
ATS6v,0.0
ATS7v,0.0
ATS8v,0.0
ATS0se,484.1886116991581
ATS1se,484.1886116991581
ATS2se,0.0
ATS3se,0.0
ATS4se,0.0
ATS5se,0.0
ATS6se,0.0
ATS7se,0.0
ATS8se,0.0
ATS0pe,484.1886116991581
ATS1pe,484.1886116991581
ATS2pe,0.0
ATS3pe,0.0
ATS4pe,0.0
ATS5pe,0.0
ATS6pe,0.0
ATS7pe,0.0
ATS8pe,0.0
ATS0are,484.1886116991581
ATS1are,484.1886116991581
ATS2are,0.0
ATS3are,0.0
ATS4are,0.0
ATS5are,0.0
ATS6are,0.0
ATS7are,0.0
ATS8are,0.0
ATS0p,484.1886116991581
ATS1p,484.1886116991581
ATS2p,484.1886116991581
ATS3p,484.1886116991581
ATS4p,484.1886116991581
ATS5p,484.1886116991581
ATS6p,484.1886116991581
ATS7p,484.1886116991581
ATS8p,484.1886116991581
ATS0i,0.0
ATS1i,0.0
ATS2i,0.0
ATS3i,0.0
ATS4i,0.0
ATS5i,0.0
ATS6i,0.0
ATS7i,0.0
ATS8i,0.0
AATS0dv,484.1886116991581
AATS1dv,484.1886116991581
AATS2dv,484.1886116991581
AATS0d,484.1886116991581
AATS1d,484.1886116991581
AATS2d,484.1886116991581
AATS0s,484.1886116991581
AATS1s,484.1886116991581
AATS2s,484.1886116991581
AATS0Z,484.1886116991581
AATS1Z,484.1886116991581
AATS2Z,484.1886116991581
AATS0m,484.1886116991581
AATS1m,484.1886116991581
AATS2m,484.1886116991581
AATS0v,484.1886116991581
AATS1v,484.1886116991581
AATS2v,484.1886116991581
AATS0se,484.1886116991581
AATS1se,484.1886116991581
AATS2se,484.1886116991581
AATS0pe,484.1886116991581
AATS1pe,484.1886116991581
AATS2pe,484.1886116991581
AATS0are,484.1886116991581
AATS1are,484.1886116991581
AATS2are,484.1886116991581
AATS0p,484.1886116991581
AATS1p,484.1886116991581
AATS2p,484.1886116991581
AATS0i,484.1886116991581
AATS1i,484.1886116991581
AATS2i,484.1886116991581
ATSC0dv,484.1886116991581
ATSC1dv,484.1886116991581
ATSC2dv,484.1886116991581
ATSC3dv,515.8113883008419
ATSC4dv,515.8113883008419
ATSC5dv,515.8113883008419
ATSC6dv,515.8113883008419
ATSC7dv,515.8113883008419
ATSC8dv,515.8113883008419
ATSC0d,484.1886116991581
ATSC1d,484.1886116991581
ATSC2d,515.8113883008419
ATSC3d,515.8113883008419
ATSC4d,515.8113883008419
ATSC5d,515.8113883008419
ATSC6d,515.8113883008419
ATSC7d,515.8113883008419
ATSC8d,515.8113883008419
ATSC0s,484.1886116991581
ATSC1s,515.8113883008419
ATSC2s,484.1886116991581
ATSC3s,515.8113883008419
ATSC4s,515.8113883008419
ATSC5s,515.8113883008419
ATSC6s,515.8113883008419
ATSC7s,515.8113883008419
ATSC8s,515.8113883008419
ATSC0Z,0.0
ATSC1Z,484.1886116991581
ATSC2Z,484.1886116991581
ATSC3Z,515.8113883008419
ATSC4Z,515.8113883008419
ATSC5Z,515.8113883008419
ATSC6Z,515.8113883008419
ATSC7Z,515.8113883008419
ATSC8Z,515.8113883008419
ATSC0m,0.0
ATSC1m,484.1886116991581
ATSC2m,484.1886116991581
ATSC3m,515.8113883008419
ATSC4m,515.8113883008419
ATSC5m,515.8113883008419
ATSC6m,515.8113883008419
ATSC7m,515.8113883008419
ATSC8m,515.8113883008419
ATSC0v,0.0
ATSC1v,484.1886116991581
ATSC2v,484.1886116991581
ATSC3v,515.8113883008419
ATSC4v,515.8113883008419
ATSC5v,515.8113883008419
ATSC6v,515.8113883008419
ATSC7v,515.8113883008419
ATSC8v,515.8113883008419
ATSC0se,484.1886116991581
ATSC1se,515.8113883008419
ATSC2se,484.1886116991581
ATSC3se,515.8113883008419
ATSC4se,515.8113883008419
ATSC5se,515.8113883008419
ATSC6se,515.8113883008419
ATSC7se,515.8113883008419
ATSC8se,515.8113883008419
ATSC0pe,484.1886116991581
ATSC1pe,515.8113883008419
ATSC2pe,484.1886116991581
ATSC3pe,515.8113883008419
ATSC4pe,515.8113883008419
ATSC5pe,515.8113883008419
ATSC6pe,515.8113883008419
ATSC7pe,515.8113883008419
ATSC8pe,515.8113883008419
ATSC0are,484.1886116991581
ATSC1are,515.8113883008419
ATSC2are,484.1886116991581
ATSC3are,515.8113883008419
ATSC4are,515.8113883008419
ATSC5are,515.8113883008419
ATSC6are,515.8113883008419
ATSC7are,515.8113883008419
ATSC8are,515.8113883008419
ATSC0p,484.1886116991581
ATSC1p,515.8113883008419
ATSC2p,484.1886116991581
ATSC3p,515.8113883008419
ATSC4p,515.8113883008419
ATSC5p,515.8113883008419
ATSC6p,515.8113883008419
ATSC7p,515.8113883008419
ATSC8p,515.8113883008419
ATSC0i,484.1886116991581
ATSC1i,515.8113883008419
ATSC2i,484.1886116991581
ATSC3i,515.8113883008419
ATSC4i,515.8113883008419
ATSC5i,515.8113883008419
ATSC6i,515.8113883008419
ATSC7i,515.8113883008419
ATSC8i,515.8113883008419
AATSC0dv,484.1886116991581
AATSC1dv,484.1886116991581
AATSC2dv,484.1886116991581
AATSC0d,484.1886116991581
AATSC1d,484.1886116991581
AATSC2d,515.8113883008419
AATSC0s,484.1886116991581
AATSC1s,515.8113883008419
AATSC2s,484.1886116991581
AATSC0Z,484.1886116991581
AATSC1Z,484.1886116991581
AATSC2Z,484.1886116991581
AATSC0m,484.1886116991581
AATSC1m,484.1886116991581
AATSC2m,484.1886116991581
AATSC0v,484.1886116991581
AATSC1v,515.8113883008419
AATSC2v,484.1886116991581
AATSC0se,484.1886116991581
AATSC1se,515.8113883008419
AATSC2se,484.1886116991581
AATSC0pe,484.1886116991581
AATSC1pe,515.8113883008419
AATSC2pe,484.1886116991581
AATSC0are,484.1886116991581
AATSC1are,515.8113883008419
AATSC2are,484.1886116991581
AATSC0p,484.1886116991581
AATSC1p,515.8113883008419
AATSC2p,484.1886116991581
AATSC0i,484.1886116991581
AATSC1i,515.8113883008419
AATSC2i,484.1886116991581
MATS1dv,484.1886116991581
MATS2dv,484.1886116991581
MATS1s,515.8113883008419
MATS2s,484.1886116991581
MATS1Z,484.1886116991581
MATS2Z,484.1886116991581
MATS1m,484.1886116991581
MATS2m,484.1886116991581
MATS1v,515.8113883008419
MATS2v,484.1886116991581
MATS1se,515.8113883008419
MATS2se,484.1886116991581
MATS1pe,515.8113883008419
MATS2pe,484.1886116991581
MATS1are,515.8113883008419
MATS2are,484.1886116991581
MATS1p,515.8113883008419
MATS2p,484.1886116991581
MATS1i,515.8113883008419
MATS2i,484.1886116991581
GATS1dv,484.1886116991581
GATS2dv,484.1886116991581
GATS1s,484.1886116991581
GATS2s,484.1886116991581
GATS1Z,484.1886116991581
GATS2Z,484.1886116991581
GATS1m,484.1886116991581
GATS2m,484.1886116991581
GATS1v,484.1886116991581
GATS2v,484.1886116991581
GATS1se,484.1886116991581
GATS2se,484.1886116991581
GATS1pe,484.1886116991581
GATS2pe,484.1886116991581
GATS1are,484.1886116991581
GATS2are,484.1886116991581
GATS1p,484.1886116991581
GATS2p,484.1886116991581
GATS1i,484.1886116991581
GATS2i,484.1886116991581
BCUTdv-1h,484.1886116991581
BCUTdv-1l,484.1886116991581
BCUTd-1h,484.1886116991581
BCUTd-1l,484.1886116991581
BCUTs-1h,484.1886116991581
BCUTs-1l,484.1886116991581
BCUTZ-1h,484.1886116991581
BCUTZ-1l,484.1886116991581
BCUTm-1h,484.1886116991581
BCUTm-1l,484.1886116991581
BCUTv-1h,484.1886116991581
BCUTv-1l,484.1886116991581
BCUTse-1h,484.1886116991581
BCUTse-1l,484.1886116991581
BCUTpe-1h,484.1886116991581
BCUTpe-1l,484.1886116991581
BCUTare-1h,484.1886116991581
BCUTare-1l,484.1886116991581
BCUTp-1h,484.1886116991581
BCUTp-1l,484.1886116991581
BCUTi-1h,484.1886116991581
BCUTi-1l,484.1886116991581
BalabanJ,484.1886116991581
SpAbs_DzZ,484.1886116991581
SpMax_DzZ,484.1886116991581
SpDiam_DzZ,484.1886116991581
SpAD_DzZ,484.1886116991581
SpMAD_DzZ,484.1886116991581
LogEE_DzZ,484.1886116991581
SM1_DzZ,484.1886116991581
VE1_DzZ,484.1886116991581
VE2_DzZ,484.1886116991581
VE3_DzZ,484.1886116991581
VR1_DzZ,484.1886116991581
VR2_DzZ,484.1886116991581
VR3_DzZ,484.1886116991581
SpAbs_Dzm,484.1886116991581
SpMax_Dzm,484.1886116991581
SpDiam_Dzm,484.1886116991581
SpAD_Dzm,484.1886116991581
SpMAD_Dzm,484.1886116991581
LogEE_Dzm,484.1886116991581
SM1_Dzm,484.1886116991581
VE1_Dzm,484.1886116991581
VE2_Dzm,484.1886116991581
VE3_Dzm,484.1886116991581
VR1_Dzm,484.1886116991581
VR2_Dzm,484.1886116991581
VR3_Dzm,484.1886116991581
SpAbs_Dzv,484.1886116991581
SpMax_Dzv,484.1886116991581
SpDiam_Dzv,484.1886116991581
SpAD_Dzv,484.1886116991581
SpMAD_Dzv,484.1886116991581
LogEE_Dzv,484.1886116991581
SM1_Dzv,515.8113883008419
VE1_Dzv,484.1886116991581
VE2_Dzv,484.1886116991581
VE3_Dzv,484.1886116991581
VR1_Dzv,484.1886116991581
VR2_Dzv,484.1886116991581
VR3_Dzv,484.1886116991581
SpAbs_Dzse,484.1886116991581
SpMax_Dzse,484.1886116991581
SpDiam_Dzse,484.1886116991581
SpAD_Dzse,484.1886116991581
SpMAD_Dzse,484.1886116991581
LogEE_Dzse,484.1886116991581
SM1_Dzse,484.1886116991581
VE1_Dzse,484.1886116991581
VE2_Dzse,484.1886116991581
VE3_Dzse,484.1886116991581
VR1_Dzse,484.1886116991581
VR2_Dzse,484.1886116991581
VR3_Dzse,484.1886116991581
SpAbs_Dzpe,484.1886116991581
SpMax_Dzpe,484.1886116991581
SpDiam_Dzpe,484.1886116991581
SpAD_Dzpe,484.1886116991581
SpMAD_Dzpe,484.1886116991581
LogEE_Dzpe,484.1886116991581
SM1_Dzpe,484.1886116991581
VE1_Dzpe,484.1886116991581
VE2_Dzpe,484.1886116991581
VE3_Dzpe,484.1886116991581
VR1_Dzpe,484.1886116991581
VR2_Dzpe,484.1886116991581
VR3_Dzpe,484.1886116991581
SpAbs_Dzare,484.1886116991581
SpMax_Dzare,484.1886116991581
SpDiam_Dzare,484.1886116991581
SpAD_Dzare,484.1886116991581
SpMAD_Dzare,484.1886116991581
LogEE_Dzare,484.1886116991581
SM1_Dzare,484.1886116991581
VE1_Dzare,484.1886116991581
VE2_Dzare,484.1886116991581
VE3_Dzare,484.1886116991581
VR1_Dzare,484.1886116991581
VR2_Dzare,484.1886116991581
VR3_Dzare,484.1886116991581
SpAbs_Dzp,484.1886116991581
SpMax_Dzp,484.1886116991581
SpDiam_Dzp,484.1886116991581
SpAD_Dzp,484.1886116991581
SpMAD_Dzp,484.1886116991581
LogEE_Dzp,484.1886116991581
SM1_Dzp,515.8113883008419
VE1_Dzp,484.1886116991581
VE2_Dzp,484.1886116991581
VE3_Dzp,484.1886116991581
VR1_Dzp,484.1886116991581
VR2_Dzp,484.1886116991581
VR3_Dzp,484.1886116991581
SpAbs_Dzi,484.1886116991581
SpMax_Dzi,484.1886116991581
SpDiam_Dzi,484.1886116991581
SpAD_Dzi,484.1886116991581
SpMAD_Dzi,484.1886116991581
LogEE_Dzi,484.1886116991581
SM1_Dzi,484.1886116991581
VE1_Dzi,484.1886116991581
VE2_Dzi,484.1886116991581
VE3_Dzi,484.1886116991581
VR1_Dzi,484.1886116991581
VR2_Dzi,484.1886116991581
VR3_Dzi,484.1886116991581
BertzCT,0.0
nBonds,484.1886116991581
nBondsO,484.1886116991581
nBondsS,484.1886116991581
nBondsD,484.1886116991581
nBondsT,484.1886116991581
nBondsA,484.1886116991581
nBondsM,484.1886116991581
nBondsKS,484.1886116991581
nBondsKD,484.1886116991581
C1SP1,484.1886116991581
C2SP1,484.1886116991581
C1SP2,484.1886116991581
C2SP2,484.1886116991581
C3SP2,484.1886116991581
C1SP3,484.1886116991581
C2SP3,484.1886116991581
C3SP3,484.1886116991581
C4SP3,484.1886116991581
FCSP3,484.1886116991581
Xch-3d,484.1886116991581
Xch-4d,484.1886116991581
Xch-5d,484.1886116991581
Xch-6d,484.1886116991581
Xch-7d,484.1886116991581
Xch-3dv,484.1886116991581
Xch-4dv,484.1886116991581
Xch-5dv,484.1886116991581
Xch-6dv,484.1886116991581
Xch-7dv,484.1886116991581
Xc-3d,484.1886116991581
Xc-4d,484.1886116991581
Xc-5d,484.1886116991581
Xc-6d,484.1886116991581
Xc-3dv,484.1886116991581
Xc-4dv,484.1886116991581
Xc-5dv,484.1886116991581
Xc-6dv,484.1886116991581
Xpc-4d,484.1886116991581
Xpc-5d,484.1886116991581
Xpc-6d,484.1886116991581
Xpc-4dv,484.1886116991581
Xpc-5dv,484.1886116991581
Xpc-6dv,484.1886116991581
Xp-0d,484.1886116991581
Xp-1d,484.1886116991581
Xp-2d,484.1886116991581
Xp-3d,484.1886116991581
Xp-4d,484.1886116991581
Xp-5d,484.1886116991581
Xp-6d,484.1886116991581
Xp-7d,484.1886116991581
AXp-0d,484.1886116991581
AXp-1d,484.1886116991581
Xp-1dv,484.1886116991581
Xp-2dv,484.1886116991581
Xp-3dv,484.1886116991581
Xp-4dv,484.1886116991581
Xp-5dv,484.1886116991581
Xp-6dv,484.1886116991581
Xp-7dv,484.1886116991581
AXp-1dv,484.1886116991581
SZ,484.1886116991581
Sm,484.1886116991581
Sv,484.1886116991581
Sse,484.1886116991581
Spe,484.1886116991581
Sare,484.1886116991581
Sp,484.1886116991581
Si,484.1886116991581
MZ,484.1886116991581
Mm,484.1886116991581
Mv,484.1886116991581
Mse,484.1886116991581
Mpe,484.1886116991581
Mare,484.1886116991581
Mp,484.1886116991581
Mi,484.1886116991581
SpAbs_D,484.1886116991581
SpMax_D,484.1886116991581
SpDiam_D,484.1886116991581
SpAD_D,484.1886116991581
SpMAD_D,484.1886116991581
LogEE_D,484.1886116991581
VE1_D,484.1886116991581
VE2_D,484.1886116991581
VE3_D,484.1886116991581
VR1_D,484.1886116991581
VR2_D,484.1886116991581
VR3_D,484.1886116991581
NsLi,0.0
NssBe,0.0
NssssBe,0.0
NssBH,0.0
NsssB,136.19980342730074
NssssB,0.0
NsCH3,484.1886116991581
NdCH2,484.1886116991581
NssCH2,484.1886116991581
NtCH,484.1886116991581
NdsCH,484.1886116991581
NaaCH,484.1886116991581
NsssCH,484.1886116991581
NddC,484.1886116991581
NtsC,484.1886116991581
NdssC,484.1886116991581
NaasC,484.1886116991581
NaaaC,484.1886116991581
NssssC,484.1886116991581
NsNH3,0.0
NsNH2,484.1886116991581
NssNH2,0.0
NdNH,484.1886116991581
NssNH,484.1886116991581
NaaNH,484.1886116991581
NtN,484.1886116991581
NsssNH,0.0
NdsN,484.1886116991581
NaaN,484.1886116991581
NsssN,484.1886116991581
NddsN,484.1886116991581
NaasN,484.1886116991581
NssssN,484.1886116991581
NsOH,484.1886116991581
NdO,484.1886116991581
NssO,484.1886116991581
NaaO,484.1886116991581
NsF,484.1886116991581
NsSiH3,0.0
NssSiH2,0.0
NsssSiH,0.0
NssssSi,484.1886116991581
NsPH2,0.0
NssPH,0.0
NsssP,484.1886116991581
NdsssP,484.1886116991581
NsssssP,0.0
NsSH,484.1886116991581
NdS,484.1886116991581
NssS,484.1886116991581
NaaS,484.1886116991581
NdssS,484.1886116991581
NddssS,484.1886116991581
NsCl,484.1886116991581
NsGeH3,0.0
NssGeH2,0.0
NsssGeH,0.0
NssssGe,0.0
NsAsH2,0.0
NssAsH,0.0
NsssAs,0.0
NsssdAs,207.61406794352456
NsssssAs,0.0
NsSeH,0.0
NdSe,0.0
NssSe,484.1886116991581
NaaSe,0.0
NdssSe,0.0
NddssSe,0.0
NsBr,484.1886116991581
NsSnH3,0.0
NssSnH2,0.0
NsssSnH,0.0
NssssSn,0.0
NsI,484.1886116991581
NsPbH3,0.0
NssPbH2,0.0
NsssPbH,0.0
NssssPb,0.0
SsLi,0.0
SssBe,0.0
SssssBe,0.0
SssBH,0.0
SsssB,219.75895786586094
SssssB,0.0
SsCH3,484.1886116991581
SdCH2,484.1886116991581
SssCH2,484.1886116991581
StCH,484.1886116991581
SdsCH,484.1886116991581
SaaCH,484.1886116991581
SsssCH,515.8113883008419
SddC,484.1886116991581
StsC,484.1886116991581
SdssC,515.8113883008419
SaasC,484.1886116991581
SaaaC,484.1886116991581
SssssC,515.8113883008419
SsNH3,0.0
SsNH2,484.1886116991581
SssNH2,0.0
SdNH,484.1886116991581
SssNH,484.1886116991581
SaaNH,484.1886116991581
StN,484.1886116991581
SsssNH,0.0
SdsN,484.1886116991581
SaaN,484.1886116991581
SsssN,484.1886116991581
SddsN,515.8113883008419
SaasN,484.1886116991581
SssssN,145.12055276756487
SsOH,484.1886116991581
SdO,484.1886116991581
SssO,484.1886116991581
SaaO,484.1886116991581
SsF,484.1886116991581
SsSiH3,0.0
SssSiH2,0.0
SsssSiH,0.0
SssssSi,515.8113883008419
SsPH2,0.0
SssPH,0.0
SsssP,411.7055285870834
SdsssP,515.8113883008419
SsssssP,0.0
SsSH,484.1886116991581
SdS,484.1886116991581
SssS,484.1886116991581
SaaS,484.1886116991581
SdssS,515.8113883008419
SddssS,515.8113883008419
SsCl,484.1886116991581
SsGeH3,0.0
SssGeH2,0.0
SsssGeH,0.0
SssssGe,0.0
SsAsH2,0.0
SssAsH,0.0
SsssAs,0.0
SsssdAs,515.8113883008419
SsssssAs,0.0
SsSeH,0.0
SdSe,0.0
SssSe,202.70774929890544
SaaSe,0.0
SdssSe,0.0
SddssSe,0.0
SsBr,484.1886116991581
SsSnH3,0.0
SssSnH2,0.0
SsssSnH,0.0
SssssSn,0.0
SsI,484.1886116991581
SsPbH3,0.0
SssPbH2,0.0
SsssPbH,0.0
SssssPb,0.0
ECIndex,0.0
ETA_alpha,484.1886116991581
AETA_alpha,484.1886116991581
ETA_shape_p,484.1886116991581
ETA_shape_y,484.1886116991581
ETA_shape_x,484.1886116991581
ETA_beta,484.1886116991581
AETA_beta,484.1886116991581
ETA_beta_s,484.1886116991581
AETA_beta_s,484.1886116991581
ETA_beta_ns,484.1886116991581
AETA_beta_ns,484.1886116991581
ETA_beta_ns_d,484.1886116991581
AETA_beta_ns_d,484.1886116991581
ETA_eta,484.1886116991581
AETA_eta,484.1886116991581
ETA_eta_L,484.1886116991581
AETA_eta_L,484.1886116991581
ETA_epsilon_1,484.1886116991581
ETA_epsilon_2,484.1886116991581
ETA_epsilon_4,484.1886116991581
ETA_epsilon_5,484.1886116991581
ETA_dEpsilon_B,484.1886116991581
ETA_dEpsilon_D,484.1886116991581
ETA_dBeta,515.8113883008419
AETA_dBeta,515.8113883008419
ETA_psi_1,484.1886116991581
ETA_dPsi_A,484.1886116991581
ETA_dPsi_B,484.1886116991581
fragCpx,484.1886116991581
fMF,484.1886116991581
nHBAcc,484.1886116991581
nHBDon,484.1886116991581
IC0,484.1886116991581
IC1,484.1886116991581
IC2,484.1886116991581
IC3,484.1886116991581
IC4,484.1886116991581
IC5,484.1886116991581
TIC0,484.1886116991581
TIC1,484.1886116991581
TIC2,484.1886116991581
TIC3,484.1886116991581
TIC4,484.1886116991581
TIC5,484.1886116991581
SIC0,484.1886116991581
SIC1,484.1886116991581
SIC2,484.1886116991581
SIC3,484.1886116991581
SIC4,484.1886116991581
SIC5,484.1886116991581
BIC0,484.1886116991581
BIC1,484.1886116991581
BIC2,484.1886116991581
BIC3,484.1886116991581
BIC4,484.1886116991581
BIC5,484.1886116991581
CIC0,484.1886116991581
CIC1,484.1886116991581
CIC2,484.1886116991581
CIC3,484.1886116991581
CIC4,484.1886116991581
CIC5,484.1886116991581
MIC0,484.1886116991581
MIC1,484.1886116991581
MIC2,484.1886116991581
MIC3,484.1886116991581
MIC4,484.1886116991581
MIC5,484.1886116991581
ZMIC0,484.1886116991581
ZMIC1,484.1886116991581
ZMIC2,484.1886116991581
ZMIC3,484.1886116991581
ZMIC4,484.1886116991581
ZMIC5,484.1886116991581
Kier1,484.1886116991581
FilterItLogS,515.8113883008419
VMcGowan,484.1886116991581
LabuteASA,484.1886116991581
PEOE_VSA1,484.1886116991581
PEOE_VSA2,484.1886116991581
PEOE_VSA3,484.1886116991581
PEOE_VSA4,484.1886116991581
PEOE_VSA5,484.1886116991581
PEOE_VSA6,484.1886116991581
PEOE_VSA7,484.1886116991581
PEOE_VSA8,484.1886116991581
PEOE_VSA9,484.1886116991581
PEOE_VSA10,484.1886116991581
PEOE_VSA11,484.1886116991581
PEOE_VSA12,484.1886116991581
PEOE_VSA13,484.1886116991581
SMR_VSA1,484.1886116991581
SMR_VSA2,484.1886116991581
SMR_VSA3,484.1886116991581
SMR_VSA4,484.1886116991581
SMR_VSA5,484.1886116991581
SMR_VSA6,484.1886116991581
SMR_VSA7,484.1886116991581
SMR_VSA8,0.0
SMR_VSA9,484.1886116991581
SlogP_VSA1,484.1886116991581
SlogP_VSA2,484.1886116991581
SlogP_VSA3,484.1886116991581
SlogP_VSA4,484.1886116991581
SlogP_VSA5,484.1886116991581
SlogP_VSA6,484.1886116991581
SlogP_VSA7,484.1886116991581
SlogP_VSA8,484.1886116991581
SlogP_VSA9,0.0
SlogP_VSA10,484.1886116991581
SlogP_VSA11,484.1886116991581
EState_VSA1,484.1886116991581
EState_VSA2,484.1886116991581
EState_VSA3,484.1886116991581
EState_VSA4,484.1886116991581
EState_VSA5,484.1886116991581
EState_VSA6,484.1886116991581
EState_VSA7,484.1886116991581
EState_VSA8,484.1886116991581
EState_VSA9,484.1886116991581
EState_VSA10,484.1886116991581
VSA_EState1,484.1886116991581
VSA_EState2,484.1886116991581
VSA_EState3,484.1886116991581
VSA_EState4,484.1886116991581
VSA_EState5,515.8113883008419
VSA_EState6,484.1886116991581
VSA_EState7,484.1886116991581
VSA_EState8,484.1886116991581
VSA_EState9,484.1886116991581
MID,484.1886116991581
AMID,484.1886116991581
MID_h,484.1886116991581
AMID_h,484.1886116991581
MID_C,484.1886116991581
AMID_C,484.1886116991581
MID_N,484.1886116991581
AMID_N,484.1886116991581
MID_O,484.1886116991581
AMID_O,484.1886116991581
MID_X,484.1886116991581
AMID_X,484.1886116991581
MPC2,484.1886116991581
MPC3,484.1886116991581
MPC4,484.1886116991581
MPC5,484.1886116991581
MPC6,484.1886116991581
MPC7,484.1886116991581
MPC8,484.1886116991581
MPC9,484.1886116991581
MPC10,484.1886116991581
TMPC10,0.0
piPC1,484.1886116991581
piPC2,484.1886116991581
piPC3,484.1886116991581
piPC4,484.1886116991581
piPC5,484.1886116991581
piPC6,484.1886116991581
piPC7,484.1886116991581
piPC8,484.1886116991581
piPC9,484.1886116991581
piPC10,484.1886116991581
TpiPC10,484.1886116991581
apol,484.1886116991581
bpol,484.1886116991581
nRing,484.1886116991581
n3Ring,484.1886116991581
n4Ring,484.1886116991581
n5Ring,484.1886116991581
n6Ring,484.1886116991581
n7Ring,484.1886116991581
n8Ring,484.1886116991581
n9Ring,484.1886116991581
n10Ring,484.1886116991581
n11Ring,295.10457672943903
n12Ring,484.1886116991581
nG12Ring,484.1886116991581
nHRing,484.1886116991581
n3HRing,484.1886116991581
n4HRing,484.1886116991581
n5HRing,484.1886116991581
n6HRing,484.1886116991581
n7HRing,484.1886116991581
n8HRing,484.1886116991581
n9HRing,484.1886116991581
n10HRing,342.35310097627377
n11HRing,0.0
n12HRing,484.1886116991581
nG12HRing,484.1886116991581
naRing,484.1886116991581
n3aRing,0.0
n4aRing,249.40310907484582
n5aRing,484.1886116991581
n6aRing,484.1886116991581
n7aRing,484.1886116991581
n8aRing,0.0
n9aRing,0.0
n10aRing,0.0
n11aRing,0.0
n12aRing,0.0
nG12aRing,0.0
naHRing,484.1886116991581
n3aHRing,0.0
n4aHRing,0.0
n5aHRing,484.1886116991581
n6aHRing,484.1886116991581
n7aHRing,0.0
n8aHRing,0.0
n9aHRing,0.0
n10aHRing,0.0
n11aHRing,0.0
n12aHRing,0.0
nG12aHRing,0.0
nARing,484.1886116991581
n3ARing,484.1886116991581
n4ARing,484.1886116991581
n5ARing,484.1886116991581
n6ARing,484.1886116991581
n7ARing,484.1886116991581
n8ARing,484.1886116991581
n9ARing,484.1886116991581
n10ARing,484.1886116991581
n11ARing,295.10457672943903
n12ARing,484.1886116991581
nG12ARing,484.1886116991581
nAHRing,484.1886116991581
n3AHRing,484.1886116991581
n4AHRing,484.1886116991581
n5AHRing,484.1886116991581
n6AHRing,484.1886116991581
n7AHRing,484.1886116991581
n8AHRing,484.1886116991581
n9AHRing,484.1886116991581
n10AHRing,342.35310097627377
n11AHRing,0.0
n12AHRing,484.1886116991581
nG12AHRing,484.1886116991581
nFRing,484.1886116991581
n4FRing,0.0
n5FRing,0.0
n6FRing,484.1886116991581
n7FRing,484.1886116991581
n8FRing,484.1886116991581
n9FRing,484.1886116991581
n10FRing,484.1886116991581
n11FRing,484.1886116991581
n12FRing,484.1886116991581
nG12FRing,484.1886116991581
nFHRing,484.1886116991581
n4FHRing,0.0
n5FHRing,0.0
n6FHRing,484.1886116991581
n7FHRing,484.1886116991581
n8FHRing,484.1886116991581
n9FHRing,484.1886116991581
n10FHRing,484.1886116991581
n11FHRing,484.1886116991581
n12FHRing,484.1886116991581
nG12FHRing,484.1886116991581
nFaRing,484.1886116991581
n4FaRing,0.0
n5FaRing,0.0
n6FaRing,0.0
n7FaRing,0.0
n8FaRing,484.1886116991581
n9FaRing,484.1886116991581
n10FaRing,484.1886116991581
n11FaRing,0.0
n12FaRing,465.99954021445416
nG12FaRing,484.1886116991581
nFaHRing,484.1886116991581
n4FaHRing,0.0
n5FaHRing,0.0
n6FaHRing,0.0
n7FaHRing,0.0
n8FaHRing,484.1886116991581
n9FaHRing,484.1886116991581
n10FaHRing,484.1886116991581
n11FaHRing,0.0
n12FaHRing,200.80799803860074
nG12FaHRing,484.1886116991581
nFARing,484.1886116991581
n4FARing,0.0
n5FARing,0.0
n6FARing,484.1886116991581
n7FARing,484.1886116991581
n8FARing,484.1886116991581
n9FARing,484.1886116991581
n10FARing,484.1886116991581
n11FARing,484.1886116991581
n12FARing,484.1886116991581
nG12FARing,484.1886116991581
nFAHRing,484.1886116991581
n4FAHRing,0.0
n5FAHRing,0.0
n6FAHRing,484.1886116991581
n7FAHRing,484.1886116991581
n8FAHRing,484.1886116991581
n9FAHRing,484.1886116991581
n10FAHRing,484.1886116991581
n11FAHRing,484.1886116991581
n12FAHRing,484.1886116991581
nG12FAHRing,484.1886116991581
nRot,484.1886116991581
RotRatio,484.1886116991581
SLogP,484.1886116991581
SMR,484.1886116991581
TopoPSA(NO),484.1886116991581
TopoPSA,484.1886116991581
GGI1,484.1886116991581
GGI2,484.1886116991581
GGI3,484.1886116991581
GGI4,484.1886116991581
GGI5,484.1886116991581
GGI6,484.1886116991581
GGI7,484.1886116991581
GGI8,484.1886116991581
GGI9,484.1886116991581
GGI10,484.1886116991581
JGI1,484.1886116991581
JGI2,484.1886116991581
JGI3,484.1886116991581
JGI4,484.1886116991581
JGI5,484.1886116991581
JGI6,484.1886116991581
JGI7,484.1886116991581
JGI8,484.1886116991581
JGI9,484.1886116991581
JGI10,484.1886116991581
JGT10,484.1886116991581
Diameter,484.1886116991581
Radius,484.1886116991581
TopoShapeIndex,484.1886116991581
PetitjeanIndex,484.1886116991581
VAdjMat,484.1886116991581
MWC01,484.1886116991581
MWC02,484.1886116991581
MWC03,484.1886116991581
MWC04,484.1886116991581
MWC05,484.1886116991581
MWC06,484.1886116991581
MWC07,484.1886116991581
MWC08,484.1886116991581
MWC09,484.1886116991581
MWC10,484.1886116991581
TMWC10,484.1886116991581
SRW02,484.1886116991581
SRW03,484.1886116991581
SRW04,484.1886116991581
SRW05,484.1886116991581
SRW06,484.1886116991581
SRW07,484.1886116991581
SRW08,484.1886116991581
SRW09,484.1886116991581
SRW10,484.1886116991581
TSRW10,484.1886116991581
MW,484.1886116991581
AMW,484.1886116991581
WPath,0.0
WPol,484.1886116991581
Zagreb1,484.1886116991581
Zagreb2,484.1886116991581
mZagreb1,484.1886116991581
mZagreb2,484.1886116991581
